first_name,last_name,email,company_name
Gwenny,Gabbotts,ggabbotts0@nba.com,Dabtype
Carolann,Gumary,cgumary1@is.gd,Vinte
Saidee,Keford,skeforde@blogs.com,Mynte
Padraig,Herreran,pherreran3@g.co,Youfeed
Cindy,Bartelli,,Topicblab
Rawley,Witsey,rwitsey5@utexas.edu,
Dulcinea,Shakshaft,dshakshaft6@odnoklassniki.ru,Topiczoom
Arty,Brookesbie,abrookesbie7@mozilla.org,Fivechat
Patten,Jatczak,pjatczak8@ucoz.com,Meetz
Barbie,Ezzell,bezzell9@craigslist.org,Muxo
Saidee,Keford,skeforde@blogs.com,Mynte
Allin,Robyns,arobynsb@ameblo.jp,Vitz
Frederick,Dehmel,fdehmelc@sbwire.com,Topicstorm
Magdaia,Normandale,mnormandaled@clickbank.net,Tagfeed
Saidee,Keford,skeforde@blogs.com,Mynte
Lon,Filippozzi,lfilippozzif@imdb.com,
Lon,Filippozzi,lfilippozzif@imdb.com,
Casey,Orr,corrh@ebay.com,Skyvu
Rora,Mayhew,rmayhewi@etsy.com,Thoughtstorm
