mmingaud2d,IJfRhkJKmgdM
dsonschein3e,HmUdhfiule
gbritian3x,tiFdEsYrHu
ncoronas4r,ElhSdnGefW
kbentsen4v,tRdllSnkftgu
hklasing5r,VwlNWCdHLm
ecarnier66,raZIxhdWQG
lattwoul75,jDYdokhCL
cjerok8b,RvjkpdeFW
ochattock8g,DdUymBNOQ
fkonmann8s,mAQcfdQFs
rhitzschke8x,ORrOdwzmrj
bestrellaa1,PaBXdWHc
jkalewee1,VGlxEBdG
gdoolee4,YpbuVdxbV
otabernerfj,HOdwgMSuS
sdunngp,ZUnSnoBLBdU
mmugghj,sCfsdcuox
blawlandhq,NdVLJGeIky
lbiggsi8,HPldvZzVjhbe
tbettenayj5,fLbgzKxdg
nkennerjc,hwukcdYQDtq
acollmank8,msTFiwhHdSL
grothkl,avVDPMgmZdOe
sbiddwellky,dsNtshPHsJL
fwhitsunlh,LhQdzpyvopV
kmcdermidlt,nNdmWtjbZFok
msiven7,drlsOOWWY
abirknl,vWLUSgdWM
gemmattog,JdfnfqKq
cpurpleot,qbdUJXMC
bpiperleyp4,NqmdQTNN
simortpj,OUKvbGdOBX
hdomneypq,IhGbdYnulQJ
rsumnallqm,MJdIdGIn
